Parcela;Orientacion;Ecosistema;Cota;Microestacion;Tratamiento;Cobertura_arborea;Fecha;Cuadrante;Especie_dominante;Cobertura_entorno;Especies_juveniles;Num_juveniles;Altura_cm;Porte
Canar;Sur;Piornal;2000;39;Control;0;20240626;1;Thymus_zygis_gracilis;30;;0;;
Canar;Sur;Piornal;2000;39;Control;0;20240626;2;Thymus_zygis_gracilis;25;;0;;
Canar;Sur;Piornal;2000;39;Control;0;20240626;3;Cytisus_galianoi;50;;0;;
Canar;Sur;Piornal;2000;39;Control;0;20240626;4;Festuca_sp;80;;0;;
Canar;Sur;Piornal;2000;3;Refugio;0;20240626;1;Festuca_sp;100;;0;;
Canar;Sur;Piornal;2000;3;Refugio;0;20240626;2;Festuca_sp;60;;0;;
Canar;Sur;Piornal;2000;3;Refugio;0;20240626;3;Cytisus_galianoi;60;;0;;
Canar;Sur;Piornal;2000;3;Refugio;0;20240626;4;Cytisus_galianoi;80;;0;;
Canar;Sur;Piornal;2000;36;Control;0;20240626;1;Cytisus_galianoi;70;;0;;
Canar;Sur;Piornal;2000;36;Control;0;20240626;2;Cytisus_galianoi;65;;0;;
Canar;Sur;Piornal;2000;36;Control;0;20240626;3;Cytisus_galianoi;70;;0;;
Canar;Sur;Piornal;2000;36;Control;0;20240626;4;Cytisus_galianoi;40;;0;;
Canar;Sur;Piornal;2000;35;Refugio;0;20240626;1;Cytisus_galianoi;95;;0;;
Canar;Sur;Piornal;2000;35;Refugio;0;20240626;2;Cytisus_galianoi;95;;0;;
Canar;Sur;Piornal;2000;35;Refugio;0;20240626;3;Cytisus_galianoi;85;;0;;
Canar;Sur;Piornal;2000;35;Refugio;0;20240626;4;Cytisus_galianoi;70;;0;;
Canar;Sur;Piornal;2000;38;Control;0;20240626;1;Cytisus_galianoi;75;;0;;
Canar;Sur;Piornal;2000;38;Control;0;20240626;2;Cytisus_galianoi;70;;0;;
Canar;Sur;Piornal;2000;38;Control;0;20240626;3;Cytisus_galianoi;75;;0;;
Canar;Sur;Piornal;2000;38;Control;0;20240626;4;Cytisus_galianoi;70;;0;;
Canar;Sur;Piornal;2000;37;Refugio;0;20240626;1;Cytisus_galianoi;85;;0;;
Canar;Sur;Piornal;2000;37;Refugio;0;20240626;2;Cytisus_galianoi;65;;0;;
Canar;Sur;Piornal;2000;37;Refugio;0;20240626;3;Cytisus_galianoi;75;;0;;
Canar;Sur;Piornal;2000;37;Refugio;0;20240626;4;Cytisus_galianoi;65;;0;;
Canar;Sur;Robledal;1800;50;Refugio;0.76124272;20240626;1;Quercus_pyrenaica;90;Quercus_pyrenaica;3;25;Arbol
Canar;Sur;Robledal;1800;50;Refugio;0.76124272;20240626;1;Quercus_pyrenaica;90;Quercus_rotundifolia;1;25;Arbol
Canar;Sur;Robledal;1800;50;Refugio;0.76124272;20240626;2;Quercus_pyrenaica;80;Quercus_pyrenaica;4;25;Arbol
Canar;Sur;Robledal;1800;50;Refugio;0.76124272;20240626;3;Quercus_pyrenaica;100;Quercus_pyrenaica;4;25;Arbol
Canar;Sur;Robledal;1800;50;Refugio;0.76124272;20240626;4;Quercus_pyrenaica;100;Quercus_pyrenaica;3;25;Arbol
Canar;Sur;Robledal;1800;49;Control;0.43006552;20240626;1;Cytisus_galianoi;30;Quercus_rotundifolia;1;70;Arbol
Canar;Sur;Robledal;1800;49;Control;0.43006552;20240626;2;Cytisus_galianoi;35;Quercus_pyrenaica;2;10;Arbol
Canar;Sur;Robledal;1800;49;Control;0.43006552;20240626;3;Cytisus_galianoi;50;Quercus_pyrenaica;1;150;Arbol
Canar;Sur;Robledal;1800;49;Control;0.43006552;20240626;4;Cytisus_galianoi;60;Quercus_pyrenaica;2;150;Arbol
Canar;Sur;Robledal;1800;52;Refugio;0.293132894;20240626;1;Quercus_pyrenaica;100;Quercus_pyrenaica;4;15;Arbol
Canar;Sur;Robledal;1800;52;Refugio;0.293132894;20240626;2;Quercus_pyrenaica;80;Quercus_pyrenaica;2;15;Arbol
Canar;Sur;Robledal;1800;52;Refugio;0.293132894;20240626;3;Quercus_pyrenaica;100;;0;;
Canar;Sur;Robledal;1800;52;Refugio;0.293132894;20240626;4;Quercus_pyrenaica;80;Quercus_pyrenaica;2;15;Arbol
Canar;Sur;Robledal;1800;51;Control;0.388082823;20240626;1;Cytisus_galianoi;65;Adenocarpus_decorticans;1;15;Arbusto
Canar;Sur;Robledal;1800;51;Control;0.388082823;20240626;1;Cytisus_galianoi;65;Quercus_pyrenaica;1;10;Arbol
Canar;Sur;Robledal;1800;51;Control;0.388082823;20240626;1;Cytisus_galianoi;65;Quercus_pyrenaica;1;40;Arbol
Canar;Sur;Robledal;1800;51;Control;0.388082823;20240626;2;Thymus_zygis_gracilis;40;Quercus_pyrenaica;2;30;Arbol
Canar;Sur;Robledal;1800;51;Control;0.388082823;20240626;2;Thymus_zygis_gracilis;40;Quercus_rotundifolia;1;55;Arbol
Canar;Sur;Robledal;1800;51;Control;0.388082823;20240626;2;Thymus_zygis_gracilis;40;Quercus_rotundifolia;1;20;Arbol
Canar;Sur;Robledal;1800;51;Control;0.388082823;20240626;2;Thymus_zygis_gracilis;40;Quercus_rotundifolia;1;40;Arbol
Canar;Sur;Robledal;1800;51;Control;0.388082823;20240626;3;Thymus_zygis_gracilis;30;Quercus_pyrenaica;6;30;Arbol
Canar;Sur;Robledal;1800;51;Control;0.388082823;20240626;4;Thymus_zygis_gracilis;35;Quercus_rotundifolia;2;30;Arbol
Canar;Sur;Robledal;1800;51;Control;0.388082823;20240626;4;Thymus_zygis_gracilis;35;Quercus_pyrenaica;8;30;Arbol
Canar;Sur;Robledal;1800;51;Control;0.388082823;20240626;4;Thymus_zygis_gracilis;35;Quercus_rotundifolia;1;60;Arbol
Canar;Sur;Robledal;1800;54;Refugio;0.677412767;20240626;1;Quercus_pyrenaica;90;Quercus_pyrenaica;2;15;Arbol
Canar;Sur;Robledal;1800;54;Refugio;0.677412767;20240626;2;Quercus_pyrenaica;95;;0;;
Canar;Sur;Robledal;1800;54;Refugio;0.677412767;20240626;3;Quercus_pyrenaica;90;Quercus_pyrenaica;2;15;Arbol
Canar;Sur;Robledal;1800;54;Refugio;0.677412767;20240626;4;Quercus_pyrenaica;80;Quercus_pyrenaica;3;15;Arbol
Canar;Sur;Robledal;1800;53;Control;0.0356836;20240626;1;Quercus_pyrenaica;50;Quercus_pyrenaica;4;100;Arbol
Canar;Sur;Robledal;1800;53;Control;0.0356836;20240626;1;Quercus_pyrenaica;50;Adenocarpus_decorticans;2;20;Arbusto
Canar;Sur;Robledal;1800;53;Control;0.0356836;20240626;2;Quercus_pyrenaica;25;Quercus_pyrenaica;5;30;Arbol
Canar;Sur;Robledal;1800;53;Control;0.0356836;20240626;3;Thymus_zygis_gracilis;20;Quercus_pyrenaica;1;35;Arbol
Canar;Sur;Robledal;1800;53;Control;0.0356836;20240626;3;Thymus_zygis_gracilis;20;Quercus_rotundifolia;1;25;Arbol
Canar;Sur;Robledal;1800;53;Control;0.0356836;20240626;3;Thymus_zygis_gracilis;20;Adenocarpus_decorticans;2;20;Arbusto
Canar;Sur;Robledal;1800;53;Control;0.0356836;20240626;4;Thymus_zygis_gracilis;30;Quercus_rotundifolia;2;35;Arbol
Canar;Sur;Robledal;1800;53;Control;0.0356836;20240626;4;Thymus_zygis_gracilis;30;Quercus_rotundifolia;1;20;Arbol
Canar;Sur;Robledal;1800;53;Control;0.0356836;20240626;4;Thymus_zygis_gracilis;30;Quercus_pyrenaica;2;20;Arbol
Canar;Sur;Robledal;1700;114;Refugio;0.822925837;20240626;1;Quercus_pyrenaica;30;Quercus_pyrenaica;1;40;Arbol
Canar;Sur;Robledal;1700;114;Refugio;0.822925837;20240626;1;Quercus_pyrenaica;30;Quercus_pyrenaica;1;10;Arbol
Canar;Sur;Robledal;1700;114;Refugio;0.822925837;20240626;2;Quercus_pyrenaica;80;Quercus_rotundifolia;2;25;Arbol
Canar;Sur;Robledal;1700;114;Refugio;0.822925837;20240626;2;Quercus_pyrenaica;80;Quercus_pyrenaica;1;30;Arbol
Canar;Sur;Robledal;1700;114;Refugio;0.822925837;20240626;3;Quercus_pyrenaica;20;Quercus_pyrenaica;1;100;Arbol
Canar;Sur;Robledal;1700;114;Refugio;0.822925837;20240626;3;Quercus_pyrenaica;20;Quercus_pyrenaica;2;50;Arbol
Canar;Sur;Robledal;1700;114;Refugio;0.822925837;20240626;4;Quercus_pyrenaica;80;Quercus_pyrenaica;3;40;Arbol
Canar;Sur;Robledal;1700;9;Control;0.146584964;20240626;1;Ulex_parviflorus;60;Quercus_rotundifolia;2;150;Arbol
Canar;Sur;Robledal;1700;9;Control;0.146584964;20240626;2;Ulex_parviflorus;40;Quercus_rotundifolia;3;25;Arbol
Canar;Sur;Robledal;1700;9;Control;0.146584964;20240626;2;Ulex_parviflorus;40;Quercus_pyrenaica;1;150;Arbol
Canar;Sur;Robledal;1700;9;Control;0.146584964;20240626;3;Ulex_parviflorus;40;Quercus_rotundifolia;1;150;Arbol
Canar;Sur;Robledal;1700;9;Control;0.146584964;20240626;3;Ulex_parviflorus;40;Quercus_rotundifolia;1;150;Arbol
Canar;Sur;Robledal;1700;9;Control;0.146584964;20240626;4;Ulex_parviflorus;50;Quercus_pyrenaica;1;150;Arbol
Canar;Sur;Robledal;1700;9;Control;0.146584964;20240626;4;Ulex_parviflorus;50;Quercus_pyrenaica;1;40;Arbol
Canar;Sur;Robledal;1700;9;Control;0.146584964;20240626;4;Ulex_parviflorus;50;Quercus_rotundifolia;1;70;Arbol
Canar;Sur;Robledal;1700;16;Control;0.031152651;20240626;1;Thymus_zygis_gracilis;30;Quercus_pyrenaica;1;35;Arbol
Canar;Sur;Robledal;1700;16;Control;0.031152651;20240626;2;Thymus_zygis_gracilis;25;Quercus_rotundifolia;1;40;Arbol
Canar;Sur;Robledal;1700;16;Control;0.031152651;20240626;3;Thymus_zygis_gracilis;30;Quercus_rotundifolia;2;150;Arbol
Canar;Sur;Robledal;1700;16;Control;0.031152651;20240626;3;Thymus_zygis_gracilis;30;Quercus_rotundifolia;1;40;Arbol
Canar;Sur;Robledal;1700;16;Control;0.031152651;20240626;4;Thymus_zygis_gracilis;30;Quercus_pyrenaica;1;150;Arbol
Canar;Sur;Robledal;1700;16;Control;0.031152651;20240626;4;Thymus_zygis_gracilis;30;Quercus_rotundifolia;1;100;Arbol
Canar;Sur;Robledal;1700;16;Control;0.031152651;20240626;4;Thymus_zygis_gracilis;30;Quercus_rotundifolia;1;60;Arbol
Canar;Sur;Robledal;1700;16;Control;0.031152651;20240626;4;Thymus_zygis_gracilis;30;Quercus_rotundifolia;1;20;Arbol
Canar;Sur;Robledal;1700;10;Refugio;0.725442196;20240626;1;Ulex_parviflorus;50;Quercus_rotundifolia;3;20;Arbol
Canar;Sur;Robledal;1700;10;Refugio;0.725442196;20240626;1;Ulex_parviflorus;50;Quercus_pyrenaica;2;30;Arbol
Canar;Sur;Robledal;1700;10;Refugio;0.725442196;20240626;2;Ulex_parviflorus;60;Quercus_pyrenaica;3;20;Arbol
Canar;Sur;Robledal;1700;10;Refugio;0.725442196;20240626;2;Ulex_parviflorus;60;Quercus_rotundifolia;4;30;Arbol
Canar;Sur;Robledal;1700;10;Refugio;0.725442196;20240626;3;Quercus_rotundifolia;60;Quercus_rotundifolia;2;30;Arbol
Canar;Sur;Robledal;1700;10;Refugio;0.725442196;20240626;3;Quercus_rotundifolia;60;Quercus_pyrenaica;1;30;Arbol
Canar;Sur;Robledal;1700;10;Refugio;0.725442196;20240626;4;Quercus_rotundifolia;20;Quercus_pyrenaica;2;30;Arbol
Canar;Sur;Robledal;1700;10;Refugio;0.725442196;20240626;4;Quercus_rotundifolia;20;Quercus_rotundifolia;1;60;Arbol
Canar;Sur;Robledal;1700;10;Refugio;0.725442196;20240626;4;Quercus_rotundifolia;20;Quercus_rotundifolia;1;20;Arbol
Canar;Sur;Robledal;1700;13;Control;0.003621479;20240626;1;Ulex_parviflorus;80;Quercus_rotundifolia;3;150;Arbol
Canar;Sur;Robledal;1700;13;Control;0.003621479;20240626;2;Ulex_parviflorus;75;Quercus_rotundifolia;2;150;Arbol
Canar;Sur;Robledal;1700;13;Control;0.003621479;20240626;3;Ulex_parviflorus;70;Quercus_rotundifolia;1;150;Arbol
Canar;Sur;Robledal;1700;13;Control;0.003621479;20240626;4;Ulex_parviflorus;50;;0;;
Canar;Sur;Robledal;1700;12;Refugio;0.640656215;20240626;1;Quercus_pyrenaica;100;Quercus_rotundifolia;4;25;Arbol
Canar;Sur;Robledal;1700;12;Refugio;0.640656215;20240626;1;Quercus_pyrenaica;100;Quercus_pyrenaica;4;25;Arbol
Canar;Sur;Robledal;1700;12;Refugio;0.640656215;20240626;2;Ulex_parviflorus;50;Quercus_pyrenaica;2;40;Arbol
Canar;Sur;Robledal;1700;12;Refugio;0.640656215;20240626;2;;50;Quercus_rotundifolia;3;20;Arbol
Canar;Sur;Robledal;1700;12;Refugio;0.640656215;20240626;3;Quercus_pyrenaica;80;Quercus_rotundifolia;2;70;Arbol
Canar;Sur;Robledal;1700;12;Refugio;0.640656215;20240626;3;Quercus_pyrenaica;80;Quercus_pyrenaica;2;50;Arbol
Canar;Sur;Robledal;1700;12;Refugio;0.640656215;20240626;4;Quercus_pyrenaica;40;Quercus_rotundifolia;2;50;Arbol
Canar;Sur;Robledal;1700;12;Refugio;0.640656215;20240626;4;Quercus_pyrenaica;40;Quercus_pyrenaica;2;20;Arbol
Portugos;Sur;Pinar_sy;1700;Collar_1-4;Refugio;0.713809552;20240627;1;Ulex_parviflorus;5;;0;;
Portugos;Sur;Pinar_sy;1700;Collar_1-4;Refugio;0.713809552;20240627;2;Ulex_parviflorus;35;Quercus_pyrenaica;4;15;Arbol
Portugos;Sur;Pinar_sy;1700;Collar_1-4;Refugio;0.713809552;20240627;2;Ulex_parviflorus;35;Quercus_rotundifolia;1;20;Arbol
Portugos;Sur;Pinar_sy;1700;Collar_1-4;Refugio;0.713809552;20240627;3;Ulex_parviflorus;5;Quercus_pyrenaica;3;15;Arbol
Portugos;Sur;Pinar_sy;1700;Collar_1-4;Refugio;0.713809552;20240627;4;Ulex_parviflorus;20;Quercus_rotundifolia;1;40;Arbol
Portugos;Sur;Pinar_sy;1700;Collar_5-8;Control;0.825429393;20240627;1;Ulex_parviflorus;15;Quercus_rotundifolia;2;10;Arbol
Portugos;Sur;Pinar_sy;1700;Collar_5-8;Control;0.825429393;20240627;1;Ulex_parviflorus;15;Quercus_rotundifolia;1;5;Arbol
Portugos;Sur;Pinar_sy;1700;Collar_5-8;Control;0.825429393;20240627;2;Ulex_parviflorus;30;Quercus_pyrenaica;1;20;Arbol
Portugos;Sur;Pinar_sy;1700;Collar_5-8;Control;0.825429393;20240627;2;;30;Quercus_pyrenaica;1;8;Arbol
Portugos;Sur;Pinar_sy;1700;Collar_5-8;Control;0.825429393;20240627;3;Ulex_parviflorus;15;Quercus_pyrenaica;1;25;Arbol
Portugos;Sur;Pinar_sy;1700;Collar_5-8;Control;0.825429393;20240627;3;;15;Quercus_rotundifolia;1;10;Arbol
Portugos;Sur;Pinar_sy;1700;Collar_5-8;Control;0.825429393;20240627;4;Ulex_parviflorus;30;Quercus_rotundifolia;1;25;Arbol
Portugos;Sur;Pinar_sy;1700;Collar_5-8;Control;0.825429393;20240627;4;Ulex_parviflorus;30;Quercus_rotundifolia;1;10;Arbol
Portugos;Sur;Pinar_sy;1700;Collar_5-8;Control;0.825429393;20240627;4;Ulex_parviflorus;30;Quercus_pyrenaica;1;20;Arbol
Portugos;Sur;Pinar_sy;1700;Collar_9-12;Refugio;0.836731897;20240627;1;Ulex_parviflorus;10;Quercus_rotundifolia;1;10;Arbol
Portugos;Sur;Pinar_sy;1700;Collar_9-12;Refugio;0.836731897;20240627;1;Ulex_parviflorus;10;Quercus_pyrenaica;1;8;Arbol
Portugos;Sur;Pinar_sy;1700;Collar_9-12;Refugio;0.836731897;20240627;2;Ulex_parviflorus;15;Quercus_rotundifolia;2;10;Arbol
Portugos;Sur;Pinar_sy;1700;Collar_9-12;Refugio;0.836731897;20240627;2;Ulex_parviflorus;15;Quercus_pyrenaica;3;10;Arbol
Portugos;Sur;Pinar_sy;1700;Collar_9-12;Refugio;0.836731897;20240627;2;Ulex_parviflorus;15;Quercus_rotundifolia;1;15;Arbol
Portugos;Sur;Pinar_sy;1700;Collar_9-12;Refugio;0.836731897;20240627;3;Ulex_parviflorus;30;Quercus_rotundifolia;1;15;Arbol
Portugos;Sur;Pinar_sy;1700;Collar_9-12;Refugio;0.836731897;20240627;4;Ulex_parviflorus;35;Quercus_pyrenaica;3;8;Arbol
Portugos;Sur;Pinar_sy;1700;Collar_9-12;Refugio;0.836731897;20240627;4;Ulex_parviflorus;35;Quercus_pyrenaica;1;18;Arbol
Portugos;Sur;Pinar_sy;1700;Collar_13-16;Control;0.839677225;20240627;1;Ulex_parviflorus;35;Quercus_pyrenaica;1;8;Arbol
Portugos;Sur;Pinar_sy;1700;Collar_13-16;Control;0.839677225;20240627;1;Ulex_parviflorus;35;Quercus_rotundifolia;1;8;Arbol
Portugos;Sur;Pinar_sy;1700;Collar_13-16;Control;0.839677225;20240627;2;Ulex_parviflorus;30;Quercus_rotundifolia;1;15;Arbol
Portugos;Sur;Pinar_sy;1700;Collar_13-16;Control;0.839677225;20240627;2;Ulex_parviflorus;30;Quercus_rotundifolia;1;5;Arbol
Portugos;Sur;Pinar_sy;1700;Collar_13-16;Control;0.839677225;20240627;3;Ulex_parviflorus;20;Quercus_rotundifolia;2;8;Arbol
Portugos;Sur;Pinar_sy;1700;Collar_13-16;Control;0.839677225;20240627;3;Ulex_parviflorus;20;Quercus_pyrenaica;2;8;Arbol
Portugos;Sur;Pinar_sy;1700;Collar_13-16;Control;0.839677225;20240627;4;Ulex_parviflorus;30;Quercus_rotundifolia;1;20;Arbol
Portugos;Sur;Pinar_sy;1700;Collar_13-16;Control;0.839677225;20240627;4;Ulex_parviflorus;30;Quercus_pyrenaica;3;8;Arbol
Portugos;Sur;Pinar_sy;1700;Collar_13-16;Control;0.839677225;20240627;4;Ulex_parviflorus;30;Prunus_avium;1;8;Arbol
Portugos;Sur;Pinar_sy;1700;Collar_21-24;Control;0.866560818;20240627;1;Ulex_parviflorus;30;Quercus_pyrenaica;1;30;Arbol
Portugos;Sur;Pinar_sy;1700;Collar_21-24;Control;0.866560818;20240627;1;Ulex_parviflorus;30;Quercus_rotundifolia;1;10;Arbol
Portugos;Sur;Pinar_sy;1700;Collar_21-24;Control;0.866560818;20240627;2;Ulex_parviflorus;30;Quercus_pyrenaica;1;10;Arbol
Portugos;Sur;Pinar_sy;1700;Collar_21-24;Control;0.866560818;20240627;3;Ulex_parviflorus;25;Quercus_rotundifolia;1;8;Arbol
Portugos;Sur;Pinar_sy;1700;Collar_21-24;Control;0.866560818;20240627;4;Ulex_parviflorus;35;Quercus_pyrenaica;1;20;Arbol
Portugos;Sur;Pinar_sy;1700;Collar_21-24;Control;0.866560818;20240627;4;Ulex_parviflorus;35;Quercus_rotundifolia;1;20;Arbol
Portugos;Sur;Pinar_sy;1700;Collar_21-24;Control;0.866560818;20240627;4;Ulex_parviflorus;35;Quercus_rotundifolia;1;10;Arbol
Portugos;Sur;Pinar_sy;1700;Collar_21-24;Control;0.866560818;20240627;4;Ulex_parviflorus;35;Quercus_rotundifolia;1;30;Arbol
Portugos;Sur;Pinar_sy;1700;Collar_17-20;Refugio;0.644618943;20240627;1;Ulex_parviflorus;30;Quercus_rotundifolia;2;8;Arbol
Portugos;Sur;Pinar_sy;1700;Collar_17-20;Refugio;0.644618943;20240627;1;Ulex_parviflorus;30;Quercus_pyrenaica;1;8;Arbol
Portugos;Sur;Pinar_sy;1700;Collar_17-20;Refugio;0.644618943;20240627;2;Ulex_parviflorus;15;Quercus_pyrenaica;1;8;Arbol
Portugos;Sur;Pinar_sy;1700;Collar_17-20;Refugio;0.644618943;20240627;2;Ulex_parviflorus;15;Quercus_rotundifolia;2;10;Arbol
Portugos;Sur;Pinar_sy;1700;Collar_17-20;Refugio;0.644618943;20240627;3;Ulex_parviflorus;10;Quercus_rotundifolia;1;25;Arbol
Portugos;Sur;Pinar_sy;1700;Collar_17-20;Refugio;0.644618943;20240627;3;Ulex_parviflorus;10;Quercus_pyrenaica;1;10;Arbol
Portugos;Sur;Pinar_sy;1700;Collar_17-20;Refugio;0.644618943;20240627;4;Ulex_parviflorus;20;Quercus_rotundifolia;3;15;Arbol
Portugos;Sur;Pinar_sy;1700;Collar_17-20;Refugio;0.644618943;20240627;4;Ulex_parviflorus;20;Quercus_pyrenaica;2;8;Arbol
Portugos;Sur;Pinar_sy;1700;Collar_17-20;Refugio;0.644618943;20240627;4;Ulex_parviflorus;20;Quercus_pyrenaica;1;25;Arbol
Portugos;Sur;Pinar_sy;1700;Collar_17-20;Refugio;0.644618943;20240627;4;Ulex_parviflorus;20;Quercus_rotundifolia;1;10;Arbol
Portugos;Sur;Pinar_sy;1700;Collar_17-20;Refugio;0.644618943;20240627;4;Ulex_parviflorus;20;Quercus_pyrenaica;1;5;Arbol
Portugos;Sur;Pinar_sy;1700;4018;Control;0;20250709;1;Thymus_zygis_gracilis;60;;0;;
Portugos;Sur;Pinar_sy;1700;4018;Control;0;20250709;2;Erinacea_sp;60;;0;;
Portugos;Sur;Pinar_sy;1700;4018;Control;0;20250709;3;Thymus_zygis_gracilis;70;;0;;
Portugos;Sur;Pinar_sy;1700;4018;Control;0;20250709;4;Erinacea_sp;40;;0;;
Portugos;Sur;Pinar_sy;1700;3560;Control;0;20250709;1;Erinacea_sp;80;;0;;
Portugos;Sur;Pinar_sy;1700;3560;Control;0;20250709;2;Erinacea_sp;65;;0;;
Portugos;Sur;Pinar_sy;1700;3560;Control;0;20250709;3;Erinacea_sp;70;;0;;
Portugos;Sur;Pinar_sy;1700;3560;Control;0;20250709;4;Erinacea_sp;70;;0;;
Portugos;Sur;Pinar_sy;1700;1486;Control;0;20250709;1;Erinacea_sp;75;;0;;
Portugos;Sur;Pinar_sy;1700;1486;Control;0;20250709;2;Erinacea_sp;70;;0;;
Portugos;Sur;Pinar_sy;1700;1486;Control;0;20250709;3;Erinacea_sp;70;;0;;
Portugos;Sur;Pinar_sy;1700;1486;Control;0;20250709;4;Erinacea_sp;75;;0;;
Canar;Sur;Piornal;1900;63;Refugio;0;20240627;1;Cytisus_galianoi;60;Quercus_pyrenaica;2;100;Arbol
Canar;Sur;Piornal;1900;63;Refugio;0;20240627;2;Cytisus_galianoi;40;Quercus_pyrenaica;1;100;Arbol
Canar;Sur;Piornal;1900;63;Refugio;0;20240627;3;Cytisus_galianoi;45;Quercus_pyrenaica;1;100;Arbol
Canar;Sur;Piornal;1900;63;Refugio;0;20240627;4;Cytisus_galianoi;50;;0;;
Canar;Sur;Robledal;1900;61;Control;0.210915544;20240627;1;Cytisus_galianoi;50;Quercus_pyrenaica;2;30;Arbol
Canar;Sur;Robledal;1900;61;Control;0.210915544;20240627;2;Cytisus_galianoi;70;;0;;
Canar;Sur;Robledal;1900;61;Control;0.210915544;20240627;3;Cytisus_galianoi;60;;0;;
Canar;Sur;Robledal;1900;61;Control;0.210915544;20240627;4;Cytisus_galianoi;40;Quercus_pyrenaica;3;100;Arbol
Canar;Sur;Robledal;1900;62;Refugio;0.592024705;20240627;1;Quercus_pyrenaica;80;Quercus_pyrenaica;3;30;Arbol
Canar;Sur;Robledal;1900;62;Refugio;0.592024705;20240627;2;Quercus_pyrenaica;70;Adenocarpus_decorticans;1;70;Arbusto
Canar;Sur;Robledal;1900;62;Refugio;0.592024705;20240627;2;Quercus_pyrenaica;70;Quercus_pyrenaica;2;20;Arbol
Canar;Sur;Robledal;1900;62;Refugio;0.592024705;20240627;3;Quercus_pyrenaica;30;Quercus_pyrenaica;3;40;Arbol
Canar;Sur;Robledal;1900;62;Refugio;0.592024705;20240627;4;Quercus_pyrenaica;30;Quercus_pyrenaica;6;20;Arbol
Canar;Sur;Robledal;1900;58;Control;0.05761775;20240627;1;Cytisus_galianoi;75;;0;;
Canar;Sur;Robledal;1900;58;Control;0.05761775;20240627;2;Cytisus_galianoi;70;;0;;
Canar;Sur;Robledal;1900;58;Control;0.05761775;20240627;3;Cytisus_galianoi;70;Quercus_pyrenaica;1;100;Arbol
Canar;Sur;Robledal;1900;58;Control;0.05761775;20240627;4;Cytisus_galianoi;70;;0;;
Canar;Sur;Piornal;1900;60;Refugio;0.004152135;20240627;1;Cytisus_galianoi;60;;0;;
Canar;Sur;Piornal;1900;60;Refugio;0.004152135;20240627;2;Cytisus_galianoi;70;Quercus_pyrenaica;1;60;Arbol
Canar;Sur;Piornal;1900;60;Refugio;0.004152135;20240627;3;Cytisus_galianoi;80;Quercus_pyrenaica;2;40;Arbol
Canar;Sur;Piornal;1900;60;Refugio;0.004152135;20240627;4;Cytisus_galianoi;90;Quercus_pyrenaica;1;100;Arbol
Canar;Sur;Robledal;1900;59;Refugio;0.600574463;20240627;1;Quercus_pyrenaica;100;Rosa_villosa;1;100;Arbusto
Canar;Sur;Robledal;1900;59;Refugio;0.600574463;20240627;1;Quercus_pyrenaica;100;Quercus_pyrenaica;3;20;Arbol
Canar;Sur;Robledal;1900;59;Refugio;0.600574463;20240627;2;Quercus_pyrenaica;100;;0;;
Canar;Sur;Robledal;1900;59;Refugio;0.600574463;20240627;3;Quercus_pyrenaica;80;Quercus_pyrenaica;1;15;Arbol
Canar;Sur;Robledal;1900;59;Refugio;0.600574463;20240627;4;Quercus_pyrenaica;80;;0;;
Canar;Sur;Piornal;1900;57;Refugio;0.283975764;20240627;1;Cytisus_galianoi;90;;0;;
Canar;Sur;Piornal;1900;57;Refugio;0.283975764;20240627;2;Cytisus_galianoi;75;Quercus_pyrenaica;1;100;Arbol
Canar;Sur;Piornal;1900;57;Refugio;0.283975764;20240627;3;Cytisus_galianoi;70;Quercus_pyrenaica;1;30;Arbol
Canar;Sur;Piornal;1900;57;Refugio;0.283975764;20240627;4;Cytisus_galianoi;90;Quercus_pyrenaica;2;100;Arbol
Canar;Sur;Robledal;1900;56;Refugio;0.670424821;20240627;1;Quercus_pyrenaica;100;;0;;
Canar;Sur;Robledal;1900;56;Refugio;0.670424821;20240627;2;Quercus_pyrenaica;100;;0;;
Canar;Sur;Robledal;1900;56;Refugio;0.670424821;20240627;3;Quercus_pyrenaica;100;;0;;
Canar;Sur;Robledal;1900;56;Refugio;0.670424821;20240627;4;Quercus_pyrenaica;100;;0;;
Canar;Sur;Robledal;1900;55;Control;0.30693525;20240627;1;Cytisus_galianoi;60;;0;;
Canar;Sur;Robledal;1900;55;Control;0.30693525;20240627;2;Cytisus_galianoi;70;;0;;
Canar;Sur;Robledal;1900;55;Control;0.30693525;20240627;3;Cytisus_galianoi;60;Quercus_pyrenaica;2;40;Arbol
Canar;Sur;Robledal;1900;55;Control;0.30693525;20240627;4;Cytisus_galianoi;70;;0;;
Finana;Norte;Encinar;1500;Collar_1-3;Control;0.054205783;20240703;1;Genista_sp;50;Quercus_rotundifolia;1;40;Arbol
Finana;Norte;Encinar;1500;Collar_1-3;Control;0.054205783;20240703;2;Quercus_rotundifolia;60;;0;;
Finana;Norte;Encinar;1500;Collar_1-3;Control;0.054205783;20240703;3;Quercus_rotundifolia;30;;0;;
Finana;Norte;Encinar;1500;Collar_1-3;Control;0.054205783;20240703;4;Genista_sp;20;;0;;
Finana;Norte;Encinar;1500;Collar_4-6;Refugio;0.093623552;20240703;1;Quercus_rotundifolia;60;;0;;
Finana;Norte;Encinar;1500;Collar_4-6;Refugio;0.093623552;20240703;2;Quercus_rotundifolia;40;;0;;
Finana;Norte;Encinar;1500;Collar_4-6;Refugio;0.093623552;20240703;3;Quercus_rotundifolia;40;;0;;
Finana;Norte;Encinar;1500;Collar_4-6;Refugio;0.093623552;20240703;4;Quercus_rotundifolia;40;;0;;
Finana;Norte;Encinar;1500;Collar_7-9;Control;0;20240703;1;Quercus_rotundifolia;20;;0;;
Finana;Norte;Encinar;1500;Collar_7-9;Control;0;20240703;2;Quercus_rotundifolia;50;;0;;
Finana;Norte;Encinar;1500;Collar_7-9;Control;0;20240703;3;Genista_sp;30;;0;;
Finana;Norte;Encinar;1500;Collar_7-9;Control;0;20240703;4;Quercus_rotundifolia;40;;0;;
Finana;Norte;Encinar;1500;Collar_10-12;Refugio;0.140077942;20240703;1;Quercus_rotundifolia;100;;0;;
Finana;Norte;Encinar;1500;Collar_10-12;Refugio;0.140077942;20240703;2;Quercus_rotundifolia;40;;0;;
Finana;Norte;Encinar;1500;Collar_10-12;Refugio;0.140077942;20240703;3;Quercus_rotundifolia;50;;0;;
Finana;Norte;Encinar;1500;Collar_10-12;Refugio;0.140077942;20240703;4;Quercus_rotundifolia;40;;0;;
Finana;Norte;Encinar;1500;Collar_13-15;Control;0;20240703;1;Genista_sp;15;Quercus_rotundifolia;2;20;Arbol
Finana;Norte;Encinar;1500;Collar_13-15;Control;0;20240703;2;Quercus_rotundifolia;20;;0;;
Finana;Norte;Encinar;1500;Collar_13-15;Control;0;20240703;3;Quercus_rotundifolia;10;Quercus_rotundifolia;1;40;Arbol
Finana;Norte;Encinar;1500;Collar_13-15;Control;0;20240703;3;Quercus_rotundifolia;10;Quercus_rotundifolia;1;18;Arbol
Finana;Norte;Encinar;1500;Collar_13-15;Control;0;20240703;4;Quercus_rotundifolia;20;;0;;
Finana;Norte;Encinar;1500;Collar_16-18;Refugio;0.089204767;20240703;1;Quercus_rotundifolia;70;Quercus_rotundifolia;1;20;Arbol
Finana;Norte;Encinar;1500;Collar_16-18;Refugio;0.089204767;20240703;2;Quercus_rotundifolia;70;;0;;
Finana;Norte;Encinar;1500;Collar_16-18;Refugio;0.089204767;20240703;3;Quercus_rotundifolia;50;;0;;
Finana;Norte;Encinar;1500;Collar_16-18;Refugio;0.089204767;20240703;4;Quercus_rotundifolia;70;Quercus_rotundifolia;2;15;Arbol
Nacimiento;Norte;Pinar_ha;1200;Collar_1-4;Refugio;0.544344462;20240703;1;Pinus_halepensis;40;;0;;
Nacimiento;Norte;Pinar_ha;1200;Collar_1-4;Refugio;0.544344462;20240703;2;Pinus_halepensis;30;;0;;
Nacimiento;Norte;Pinar_ha;1200;Collar_1-4;Refugio;0.544344462;20240703;3;Pinus_halepensis;30;;0;;
Nacimiento;Norte;Pinar_ha;1200;Collar_1-4;Refugio;0.544344462;20240703;4;Pinus_halepensis;60;;0;;
Nacimiento;Norte;Pinar_ha;1200;Collar_5-8;Control;0.730136627;20240703;1;Pinus_halepensis;80;;0;;
Nacimiento;Norte;Pinar_ha;1200;Collar_5-8;Control;0.730136627;20240703;2;Pinus_halepensis;60;;0;;
Nacimiento;Norte;Pinar_ha;1200;Collar_5-8;Control;0.730136627;20240703;3;Pinus_halepensis;50;;0;;
Nacimiento;Norte;Pinar_ha;1200;Collar_5-8;Control;0.730136627;20240703;4;Pinus_halepensis;40;;0;;
Nacimiento;Norte;Pinar_ha;1200;Collar_9-12;Refugio;0.344418743;20240703;1;Pinus_halepensis;30;;0;;
Nacimiento;Norte;Pinar_ha;1200;Collar_9-12;Refugio;0.344418743;20240703;2;Pinus_halepensis;20;;0;;
Nacimiento;Norte;Pinar_ha;1200;Collar_9-12;Refugio;0.344418743;20240703;3;Pinus_halepensis;40;;0;;
Nacimiento;Norte;Pinar_ha;1200;Collar_9-12;Refugio;0.344418743;20240703;4;Pinus_halepensis;30;;0;;
Nacimiento;Norte;Pinar_ha;1200;Collar_13-16;Control;0.644406257;20240703;1;Pinus_halepensis;50;;0;;
Nacimiento;Norte;Pinar_ha;1200;Collar_13-16;Control;0.644406257;20240703;2;Pinus_halepensis;30;;0;;
Nacimiento;Norte;Pinar_ha;1200;Collar_13-16;Control;0.644406257;20240703;3;Pinus_halepensis;60;;0;;
Nacimiento;Norte;Pinar_ha;1200;Collar_13-16;Control;0.644406257;20240703;4;Pinus_halepensis;60;;0;;
Nacimiento;Norte;Pinar_ha;1200;Collar_17-20;Refugio;0.316406647;20240703;1;Pinus_halepensis;30;Quercus_rotundifolia;1;15;Arbol
Nacimiento;Norte;Pinar_ha;1200;Collar_17-20;Refugio;0.316406647;20240703;2;Pinus_halepensis;40;Quercus_rotundifolia;1;30;Arbol
Nacimiento;Norte;Pinar_ha;1200;Collar_17-20;Refugio;0.316406647;20240703;3;Pinus_halepensis;30;;0;;
Nacimiento;Norte;Pinar_ha;1200;Collar_17-20;Refugio;0.316406647;20240703;4;Pinus_halepensis;40;;0;;
Nacimiento;Norte;Pinar_ha;1200;Collar_21-24;Control;0.542004918;20240703;1;Pinus_halepensis;80;;0;;
Nacimiento;Norte;Pinar_ha;1200;Collar_21-24;Control;0.542004918;20240703;2;Pinus_halepensis;60;;0;;
Nacimiento;Norte;Pinar_ha;1200;Collar_21-24;Control;0.542004918;20240703;3;Pinus_halepensis;70;;0;;
Nacimiento;Norte;Pinar_ha;1200;Collar_21-24;Control;0.542004918;20240703;4;Pinus_halepensis;80;;0;;
Nacimiento;Norte;Pinar_ha;1200;214;Control;0;20250902;1;Cistus_albidus;30;;0;;
Nacimiento;Norte;Pinar_ha;1200;214;Control;0;20250902;2;Cistus_albidus;40;;0;;
Nacimiento;Norte;Pinar_ha;1200;214;Control;0;20250902;3;Cistus_albidus;20;Pinus_halepensis;1;40;Arbol
Nacimiento;Norte;Pinar_ha;1200;214;Control;0;20250902;3;Cistus_albidus;20;Pinus_halepensis;1;40;Arbol
Nacimiento;Norte;Pinar_ha;1200;214;Control;0;20250902;3;Cistus_albidus;20;Pinus_halepensis;1;15;Arbol
Nacimiento;Norte;Pinar_ha;1200;214;Control;0;20250902;3;Cistus_albidus;20;Pinus_halepensis;1;20;Arbol
Nacimiento;Norte;Pinar_ha;1200;214;Control;0;20250902;4;Cistus_albidus;15;;0;;
Nacimiento;Norte;Pinar_ha;1200;7690;Control;0;20250902;1;Cistus_albidus;40;;0;;
Nacimiento;Norte;Pinar_ha;1200;7690;Control;0;20250902;2;Cistus_albidus;10;;0;;
Nacimiento;Norte;Pinar_ha;1200;7690;Control;0;20250902;3;Cistus_albidus;60;Quercus_rotundifolia;1;40;Arbol
Nacimiento;Norte;Pinar_ha;1200;7690;Control;0;20250902;4;Cistus_albidus;60;;0;;
Nacimiento;Norte;Pinar_ha;1200;7641;Control;0;20250902;1;Cistus_albidus;15;;0;;
Nacimiento;Norte;Pinar_ha;1200;7641;Control;0;20250902;2;Cistus_albidus;10;;0;;
Nacimiento;Norte;Pinar_ha;1200;7641;Control;0;20250902;3;Cistus_albidus;5;;0;;
Nacimiento;Norte;Pinar_ha;1200;7641;Control;0;20250902;4;Cistus_albidus;15;;0;;
SanJuan;Norte;Enebral;2300;R3A2915;Refugio;0;20241009;1;Juniperus_communis;100;;0;;
SanJuan;Norte;Enebral;2300;R3A2915;Refugio;0;20241009;2;Juniperus_communis;100;;0;;
SanJuan;Norte;Enebral;2300;R3A2915;Refugio;0;20241009;3;Juniperus_communis;100;;0;;
SanJuan;Norte;Enebral;2300;R3A2915;Refugio;0;20241009;4;Juniperus_communis;100;;0;;
SanJuan;Norte;Enebral;2300;R3A2613;Control;0;20241009;1;Juniperus_communis;60;;0;;
SanJuan;Norte;Enebral;2300;R3A2613;Control;0;20241009;2;Cytisus_galianoi;80;;0;;
SanJuan;Norte;Enebral;2300;R3A2613;Control;0;20241009;3;Cytisus_galianoi;80;;0;;
SanJuan;Norte;Enebral;2300;R3A2613;Control;0;20241009;4;Cytisus_galianoi;80;;0;;
SanJuan;Norte;Enebral;2300;R2A7515;Refugio;0;20241009;1;Juniperus_communis;90;;0;;
SanJuan;Norte;Enebral;2300;R2A7515;Refugio;0;20241009;2;Juniperus_communis;100;;0;;
SanJuan;Norte;Enebral;2300;R2A7515;Refugio;0;20241009;3;Juniperus_communis;70;;0;;
SanJuan;Norte;Enebral;2300;R2A7515;Refugio;0;20241009;4;Juniperus_communis;80;;0;;
SanJuan;Norte;Enebral;2300;R2A7534;Control;0;20241009;1;Cytisus_galianoi;30;;0;;
SanJuan;Norte;Enebral;2300;R2A7534;Control;0;20241009;2;Cytisus_galianoi;30;;0;;
SanJuan;Norte;Enebral;2300;R2A7534;Control;0;20241009;3;Cytisus_galianoi;50;;0;;
SanJuan;Norte;Enebral;2300;R2A7534;Control;0;20241009;4;Cytisus_galianoi;60;;0;;
SanJuan;Norte;Enebral;2300;46;Control;0;20241009;1;Juniperus_communis;60;;0;;
SanJuan;Norte;Enebral;2300;46;Control;0;20241009;2;Cytisus_galianoi;70;;0;;
SanJuan;Norte;Enebral;2300;46;Control;0;20241009;3;Cytisus_galianoi;40;;0;;
SanJuan;Norte;Enebral;2300;46;Control;0;20241009;4;Cytisus_galianoi;50;;0;;
SanJuan;Norte;Enebral;2300;47;Refugio;0;20241009;1;Juniperus_communis;30;;0;;
SanJuan;Norte;Enebral;2300;47;Refugio;0;20241009;2;Cytisus_galianoi;30;;0;;
SanJuan;Norte;Enebral;2300;47;Refugio;0;20241009;3;Juniperus_communis;20;;0;;
SanJuan;Norte;Enebral;2300;47;Refugio;0;20241009;4;Juniperus_communis;30;;0;;
Hortichuela_alta;Norte;Robledal;1500;9372;Control;0.036277215;20241010;1;;0;;0;;
Hortichuela_alta;Norte;Robledal;1500;9372;Control;0.036277215;20241010;2;;0;Prunus_avium;1;35;Arbol
Hortichuela_alta;Norte;Robledal;1500;9372;Control;0.036277215;20241010;3;;0;;0;;
Hortichuela_alta;Norte;Robledal;1500;9372;Control;0.036277215;20241010;4;;0;;0;;
Hortichuela_alta;Norte;Robledal;1500;8234;Refugio;0.705893619;20241010;1;Quercus_pyrenaica;70;Quercus_pyrenaica;2;25;Arbol
Hortichuela_alta;Norte;Robledal;1500;8234;Refugio;0.705893619;20241010;2;Quercus_pyrenaica;70;Quercus_pyrenaica;6;30;Arbol
Hortichuela_alta;Norte;Robledal;1500;8234;Refugio;0.705893619;20241010;3;Quercus_pyrenaica;100;Quercus_pyrenaica;3;35;Arbol
Hortichuela_alta;Norte;Robledal;1500;8234;Refugio;0.705893619;20241010;4;Quercus_pyrenaica;100;Quercus_pyrenaica;2;40;Arbol
Hortichuela_alta;Norte;Robledal;1500;6030;Control;0.245059552;20241010;1;;0;;0;;
Hortichuela_alta;Norte;Robledal;1500;6030;Control;0.245059552;20241010;2;;0;Adenocarpus_decorticans;2;30;Arbusto
Hortichuela_alta;Norte;Robledal;1500;6030;Control;0.245059552;20241010;3;Rosa_villosa;10;;0;;
Hortichuela_alta;Norte;Robledal;1500;6030;Control;0.245059552;20241010;4;;0;;0;;
Hortichuela_alta;Norte;Robledal;1500;6071;Refugio;0.770054896;20241010;1;Quercus_pyrenaica;100;Quercus_pyrenaica;3;30;Arbol
Hortichuela_alta;Norte;Robledal;1500;6071;Refugio;0.770054896;20241010;2;Quercus_pyrenaica;100;Quercus_pyrenaica;2;40;Arbol
Hortichuela_alta;Norte;Robledal;1500;6071;Refugio;0.770054896;20241010;3;Quercus_pyrenaica;100;;0;;
Hortichuela_alta;Norte;Robledal;1500;6071;Refugio;0.770054896;20241010;4;Quercus_pyrenaica;60;;0;;
Hortichuela_alta;Norte;Robledal;1500;8901;Control;0.04955791;20241010;1;Adenocarpus_decorticans;30;Adenocarpus_decorticans;5;35;Arbusto
Hortichuela_alta;Norte;Robledal;1500;8901;Control;0.04955791;20241010;2;Adenocarpus_decorticans;30;Adenocarpus_decorticans;6;25;Arbusto
Hortichuela_alta;Norte;Robledal;1500;8901;Control;0.04955791;20241010;3;Adenocarpus_decorticans;40;Quercus_pyrenaica;1;100;Arbol
Hortichuela_alta;Norte;Robledal;1500;8901;Control;0.04955791;20241010;3;Adenocarpus_decorticans;40;Adenocarpus_decorticans;8;45;Arbusto
Hortichuela_alta;Norte;Robledal;1500;8901;Control;0.04955791;20241010;3;Adenocarpus_decorticans;40;Quercus_pyrenaica;1;50;Arbol
Hortichuela_alta;Norte;Robledal;1500;8901;Control;0.04955791;20241010;4;Adenocarpus_decorticans;15;Adenocarpus_decorticans;6;35;Arbusto
Hortichuela_alta;Norte;Robledal;1500;9157;Refugio;0.758482037;20241010;1;Quercus_pyrenaica;100;Quercus_pyrenaica;10;35;Arbol
Hortichuela_alta;Norte;Robledal;1500;9157;Refugio;0.758482037;20241010;1;Quercus_pyrenaica;100;Adenocarpus_decorticans;2;40;Arbusto
Hortichuela_alta;Norte;Robledal;1500;9157;Refugio;0.758482037;20241010;2;Quercus_pyrenaica;100;Quercus_pyrenaica;8;30;Arbol
Hortichuela_alta;Norte;Robledal;1500;9157;Refugio;0.758482037;20241010;2;Quercus_pyrenaica;100;Adenocarpus_decorticans;2;30;Arbusto
Hortichuela_alta;Norte;Robledal;1500;9157;Refugio;0.758482037;20241010;3;Quercus_pyrenaica;100;Quercus_pyrenaica;2;35;Arbol
Hortichuela_alta;Norte;Robledal;1500;9157;Refugio;0.758482037;20241010;3;Quercus_pyrenaica;100;Adenocarpus_decorticans;2;15;Arbusto
Hortichuela_alta;Norte;Robledal;1500;9157;Refugio;0.758482037;20241010;4;Quercus_pyrenaica;100;Quercus_pyrenaica;3;30;Arbol
Hortichuela_alta;Norte;Robledal;1500;9157;Refugio;0.758482037;20241010;4;Quercus_pyrenaica;100;Adenocarpus_decorticans;4;50;Arbusto
Camarate;Norte;Enebral;2200;23;Refugio;0;20241105;1;Cytisus_galianoi;60;;0;;
Camarate;Norte;Enebral;2200;23;Refugio;0;20241105;2;Cytisus_galianoi;40;Rosa_villosa;2;30;Arbusto
Camarate;Norte;Enebral;2200;23;Refugio;0;20241105;3;Berberis_hispanica;30;;0;;
Camarate;Norte;Enebral;2200;23;Refugio;0;20241105;4;Cytisus_galianoi;30;;0;;
Camarate;Norte;Enebral;2200;22;Control;0;20241105;1;Cytisus_galianoi;40;Berberis_hispanica;2;30;Arbusto_arboreo
Camarate;Norte;Enebral;2200;22;Control;0;20241105;1;Cytisus_galianoi;40;Rosa_villosa;1;30;Arbusto
Camarate;Norte;Enebral;2200;22;Control;0;20241105;2;Cytisus_galianoi;60;Berberis_hispanica;1;35;Arbusto_arboreo
Camarate;Norte;Enebral;2200;22;Control;0;20241105;2;Cytisus_galianoi;60;Rosa_villosa;1;40;Arbusto
Camarate;Norte;Enebral;2200;22;Control;0;20241105;3;Cytisus_galianoi;50;;0;;
Camarate;Norte;Enebral;2200;22;Control;0;20241105;4;Cytisus_galianoi;70;;0;;
Camarate;Norte;Enebral;2200;24;Control;0;20241105;1;Berberis_hispanica;70;;0;;
Camarate;Norte;Enebral;2200;24;Control;0;20241105;2;Cytisus_galianoi;30;Acer_opalus_granatense;1;25;Arbol
Camarate;Norte;Enebral;2200;24;Control;0;20241105;2;Cytisus_galianoi;30;Berberis_hispanica;1;20;Arbusto_arboreo
Camarate;Norte;Enebral;2200;24;Control;0;20241105;3;Cytisus_galianoi;60;Berberis_hispanica;1;40;Arbusto_arboreo
Camarate;Norte;Enebral;2200;24;Control;0;20241105;3;Cytisus_galianoi;60;Juniperus_sabina;1;20;Arbusto_arboreo
Camarate;Norte;Enebral;2200;24;Control;0;20241105;3;Cytisus_galianoi;60;Rosa_villosa;1;40;Arbusto
Camarate;Norte;Enebral;2200;24;Control;0;20241105;4;Cytisus_galianoi;60;Berberis_hispanica;1;35;Arbusto_arboreo
Camarate;Norte;Enebral;2200;24;Control;0;20241105;4;Cytisus_galianoi;60;Juniperus_sabina;1;30;Arbusto_arboreo
Camarate;Norte;Enebral;2200;25;Refugio;0;20241105;1;Berberis_hispanica;40;;0;;
Camarate;Norte;Enebral;2200;25;Refugio;0;20241105;2;Cytisus_galianoi;40;Rosa_villosa;1;20;Arbusto
Camarate;Norte;Enebral;2200;25;Refugio;0;20241105;3;Juniperus_communis;50;;0;;
Camarate;Norte;Enebral;2200;25;Refugio;0;20241105;4;Cytisus_galianoi;50;;0;;
Camarate;Norte;Enebral;2200;26;Control;0;20241105;1;Juniperus_communis;30;;0;;
Camarate;Norte;Enebral;2200;26;Control;0;20241105;2;Berberis_hispanica;20;;0;;
Camarate;Norte;Enebral;2200;26;Control;0;20241105;3;Juniperus_communis;50;Berberis_hispanica;1;40;Arbusto_arboreo
Camarate;Norte;Enebral;2200;26;Control;0;20241105;4;Cytisus_galianoi;20;;0;;
Camarate;Norte;Enebral;2200;27;Refugio;0;20241105;1;Juniperus_communis;70;;0;;
Camarate;Norte;Enebral;2200;27;Refugio;0;20241105;2;Cytisus_galianoi;40;;0;;
Camarate;Norte;Enebral;2200;27;Refugio;0;20241105;3;Juniperus_communis;80;;0;;
Camarate;Norte;Enebral;2200;27;Refugio;0;20241105;4;Cytisus_galianoi;30;;0;;
Camarate;Norte;Serbal-Aceral;1900;17;Control;0.050402304;20241105;1;Cytisus_galianoi;50;Acer_opalus_granatense;2;40;Arbol
Camarate;Norte;Serbal-Aceral;1900;17;Control;0.050402304;20241105;2;Cytisus_galianoi;30;Crataegus_monogyna;1;40;Arbusto
Camarate;Norte;Serbal-Aceral;1900;17;Control;0.050402304;20241105;2;Cytisus_galianoi;30;Berberis_hispanica;1;30;Arbusto
Camarate;Norte;Serbal-Aceral;1900;17;Control;0.050402304;20241105;3;Berberis_hispanica;70;Acer_opalus_granatense;1;20;Arbol
Camarate;Norte;Serbal-Aceral;1900;17;Control;0.050402304;20241105;3;Berberis_hispanica;70;Sorbus_aria;1;50;Arbol
Camarate;Norte;Serbal-Aceral;1900;17;Control;0.050402304;20241105;4;Berberis_hispanica;20;Berberis_hispanica;1;30;Arbusto
Camarate;Norte;Serbal-Aceral;1900;17;Control;0.050402304;20241105;4;Berberis_hispanica;20;Sorbus_aria;1;35;Arbol
Camarate;Norte;Serbal-Aceral;1900;14;Refugio;0.940318352;20241105;1;Berberis_hispanica;100;Quercus_pyrenaica;1;15;Arbol
Camarate;Norte;Serbal-Aceral;1900;14;Refugio;0.940318352;20241105;1;Berberis_hispanica;100;Acer_opalus_granatense;1;30;Arbol
Camarate;Norte;Serbal-Aceral;1900;14;Refugio;0.940318352;20241105;1;Berberis_hispanica;100;Sorbus_aria;1;30;Arbol
Camarate;Norte;Serbal-Aceral;1900;14;Refugio;0.940318352;20241105;2;Sorbus_aria;100;;0;;
Camarate;Norte;Serbal-Aceral;1900;14;Refugio;0.940318352;20241105;3;Sorbus_aria;100;Berberis_hispanica;4;35;Arbusto
Camarate;Norte;Serbal-Aceral;1900;14;Refugio;0.940318352;20241105;4;Sorbus_aria;100;Berberis_hispanica;1;30;Arbusto
Camarate;Norte;Serbal-Aceral;1900;21;Refugio;0.958735779;20241105;1;Sorbus_aria;80;Berberis_hispanica;2;30;Arbusto
Camarate;Norte;Serbal-Aceral;1900;21;Refugio;0.958735779;20241105;2;Sorbus_aria;90;Sorbus_aria;1;30;Arbol
Camarate;Norte;Serbal-Aceral;1900;21;Refugio;0.958735779;20241105;2;Sorbus_aria;90;Lonicera_arborea;1;30;Arbusto
Camarate;Norte;Serbal-Aceral;1900;21;Refugio;0.958735779;20241105;3;Sorbus_aria;100;;0;;
Camarate;Norte;Serbal-Aceral;1900;21;Refugio;0.958735779;20241105;4;Sorbus_aria;100;Berberis_hispanica;1;30;Arbusto
Camarate;Norte;Serbal-Aceral;1900;20;Control;0.010985592;20241105;1;Cytisus_galianoi;40;Acer_opalus_granatense;2;35;Arbol
Camarate;Norte;Serbal-Aceral;1900;20;Control;0.010985592;20241105;1;Cytisus_galianoi;40;Crataegus_monogyna;1;40;Arbusto
Camarate;Norte;Serbal-Aceral;1900;20;Control;0.010985592;20241105;2;Cytisus_galianoi;70;;0;;
Camarate;Norte;Serbal-Aceral;1900;20;Control;0.010985592;20241105;3;Rosa_villosa;60;Crataegus_monogyna;1;40;Arbusto
Camarate;Norte;Serbal-Aceral;1900;20;Control;0.010985592;20241105;3;Rosa_villosa;60;Berberis_hispanica;1;30;Arbusto
Camarate;Norte;Serbal-Aceral;1900;20;Control;0.010985592;20241105;4;Cytisus_galianoi;60;Acer_opalus_granatense;4;35;Arbol
Camarate;Norte;Serbal-Aceral;1900;18;Refugio;0.782481673;20241105;1;Acer_opalus_granatense;90;Berberis_hispanica;2;30;Arbusto
Camarate;Norte;Serbal-Aceral;1900;18;Refugio;0.782481673;20241105;2;Acer_opalus_granatense;90;;0;;
Camarate;Norte;Serbal-Aceral;1900;18;Refugio;0.782481673;20241105;3;Acer_opalus_granatense;90;;0;;
Camarate;Norte;Serbal-Aceral;1900;18;Refugio;0.782481673;20241105;4;Acer_opalus_granatense;90;Berberis_hispanica;2;35;Arbusto
Camarate;Norte;Serbal-Aceral;1900;19;Control;0.136283987;20241105;1;Berberis_hispanica;50;Quercus_rotundifolia;1;30;Arbol
Camarate;Norte;Serbal-Aceral;1900;19;Control;0.136283987;20241105;2;Cytisus_galianoi;50;Acer_opalus_granatense;2;15;Arbol
Camarate;Norte;Serbal-Aceral;1900;19;Control;0.136283987;20241105;3;Cytisus_galianoi;80;Sorbus_aria;1;30;Arbol
Camarate;Norte;Serbal-Aceral;1900;19;Control;0.136283987;20241105;4;Berberis_hispanica;70;;0;;
Camarate;Norte;Robledal;1700;6;Refugio;0.356924881;20241105;1;Quercus_pyrenaica;90;Quercus_pyrenaica;1;20;Arbol
Camarate;Norte;Robledal;1700;6;Refugio;0.356924881;20241105;1;Quercus_pyrenaica;90;Crataegus_monogyna;1;30;Arbusto
Camarate;Norte;Robledal;1700;6;Refugio;0.356924881;20241105;1;Quercus_pyrenaica;90;Quercus_pyrenaica;1;30;Arbol
Camarate;Norte;Robledal;1700;6;Refugio;0.356924881;20241105;1;Quercus_pyrenaica;90;Berberis_hispanica;1;20;Arbusto
Camarate;Norte;Robledal;1700;6;Refugio;0.356924881;20241105;2;Quercus_pyrenaica;90;Rosa_villosa;1;30;Arbusto
Camarate;Norte;Robledal;1700;6;Refugio;0.356924881;20241105;2;Quercus_pyrenaica;90;Crataegus_monogyna;1;40;Arbusto
Camarate;Norte;Robledal;1700;6;Refugio;0.356924881;20241105;3;Quercus_pyrenaica;90;Quercus_pyrenaica;1;20;Arbol
Camarate;Norte;Robledal;1700;6;Refugio;0.356924881;20241105;4;Quercus_pyrenaica;90;Quercus_pyrenaica;3;20;Arbol
Camarate;Norte;Robledal;1700;67;Control;0.468103477;20241105;1;Adenocarpus_decorticans;30;Adenocarpus_decorticans;3;15;Arbusto
Camarate;Norte;Robledal;1700;67;Control;0.468103477;20241105;2;Adenocarpus_decorticans;50;Adenocarpus_decorticans;4;15;Arbusto
Camarate;Norte;Robledal;1700;67;Control;0.468103477;20241105;3;Adenocarpus_decorticans;30;Adenocarpus_decorticans;2;10;Arbusto
Camarate;Norte;Robledal;1700;67;Control;0.468103477;20241105;4;Quercus_pyrenaica;30;Adenocarpus_decorticans;2;15;Arbusto
Camarate;Norte;Robledal;1700;66;Refugio;0.583936825;20241105;1;Quercus_pyrenaica;100;Crataegus_monogyna;1;45;Arbusto
Camarate;Norte;Robledal;1700;66;Refugio;0.583936825;20241105;2;Quercus_pyrenaica;100;;0;;
Camarate;Norte;Robledal;1700;66;Refugio;0.583936825;20241105;3;Quercus_pyrenaica;100;Quercus_pyrenaica;1;20;Arbol
Camarate;Norte;Robledal;1700;66;Refugio;0.583936825;20241105;3;Quercus_pyrenaica;100;Crataegus_monogyna;4;40;Arbusto
Camarate;Norte;Robledal;1700;66;Refugio;0.583936825;20241105;4;Quercus_pyrenaica;100;Quercus_pyrenaica;1;20;Arbol
Camarate;Norte;Robledal;1700;66;Refugio;0.583936825;20241105;4;Quercus_pyrenaica;100;Crataegus_monogyna;4;40;Arbusto
Camarate;Norte;Robledal;1700;66;Refugio;0.583936825;20241105;4;Quercus_pyrenaica;100;Adenocarpus_decorticans;2;30;Arbusto
Camarate;Norte;Robledal;1700;5;Control;0.435913851;20241105;1;Quercus_pyrenaica;20;Crataegus_monogyna;1;40;Arbusto
Camarate;Norte;Robledal;1700;5;Control;0.435913851;20241105;1;Quercus_pyrenaica;20;Rosa_villosa;3;30;Arbusto
Camarate;Norte;Robledal;1700;5;Control;0.435913851;20241105;2;;0;;0;;
Camarate;Norte;Robledal;1700;5;Control;0.435913851;20241105;3;Quercus_pyrenaica;10;Crataegus_monogyna;2;40;Arbusto
Camarate;Norte;Robledal;1700;5;Control;0.435913851;20241105;4;Quercus_pyrenaica;30;;0;;
Camarate;Norte;Robledal;1700;4;Refugio;0.328830249;20241105;1;Quercus_pyrenaica;100;Acer_opalus_granatense;1;25;Arbol
Camarate;Norte;Robledal;1700;4;Refugio;0.328830249;20241105;1;Quercus_pyrenaica;100;Crataegus_monogyna;5;35;Arbusto
Camarate;Norte;Robledal;1700;4;Refugio;0.328830249;20241105;2;Quercus_pyrenaica;100;;0;;
Camarate;Norte;Robledal;1700;4;Refugio;0.328830249;20241105;3;Quercus_pyrenaica;100;Rosa_villosa;3;30;Arbusto
Camarate;Norte;Robledal;1700;4;Refugio;0.328830249;20241105;3;Quercus_pyrenaica;100;Berberis_hispanica;2;20;Arbusto
Camarate;Norte;Robledal;1700;4;Refugio;0.328830249;20241105;3;Quercus_pyrenaica;100;Crataegus_monogyna;2;35;Arbusto
Camarate;Norte;Robledal;1700;4;Refugio;0.328830249;20241105;4;Quercus_pyrenaica;100;Acer_opalus_granatense;1;25;Arbol
Camarate;Norte;Robledal;1700;4;Refugio;0.328830249;20241105;4;Quercus_pyrenaica;100;Quercus_pyrenaica;2;20;Arbol
Camarate;Norte;Robledal;1700;4;Refugio;0.328830249;20241105;4;Quercus_pyrenaica;100;Rosa_villosa;2;40;Arbusto
Camarate;Norte;Robledal;1700;1;Control;0.433905504;20241105;1;Quercus_pyrenaica;20;;0;;
Camarate;Norte;Robledal;1700;1;Control;0.433905504;20241105;2;Quercus_pyrenaica;20;Adenocarpus_decorticans;1;30;Arbusto
Camarate;Norte;Robledal;1700;1;Control;0.433905504;20241105;3;Quercus_pyrenaica;20;Quercus_pyrenaica;1;50;Arbol
Camarate;Norte;Robledal;1700;1;Control;0.433905504;20241105;3;Quercus_pyrenaica;20;Crataegus_monogyna;1;50;Arbusto
Camarate;Norte;Robledal;1700;1;Control;0.433905504;20241105;4;;0;Adenocarpus_decorticans;1;45;Arbusto
Camarate;Norte;Encinar;1500;41;Control;0.059943538;20241105;1;Quercus_rotundifolia;50;Quercus_rotundifolia;3;60;Arbol
Camarate;Norte;Encinar;1500;41;Control;0.059943538;20241105;2;Quercus_rotundifolia;20;Quercus_rotundifolia;2;70;Arbol
Camarate;Norte;Encinar;1500;41;Control;0.059943538;20241105;2;Quercus_rotundifolia;20;Berberis_hispanica;1;70;Arbusto
Camarate;Norte;Encinar;1500;41;Control;0.059943538;20241105;3;Quercus_rotundifolia;30;Quercus_rotundifolia;1;50;Arbol
Camarate;Norte;Encinar;1500;41;Control;0.059943538;20241105;4;;0;Quercus_rotundifolia;4;80;Arbol
Camarate;Norte;Encinar;1500;40;Refugio;0.359531075;20241105;1;Quercus_rotundifolia;100;Quercus_rotundifolia;1;50;Arbol
Camarate;Norte;Encinar;1500;40;Refugio;0.359531075;20241105;2;Quercus_rotundifolia;60;Quercus_rotundifolia;3;40;Arbol
Camarate;Norte;Encinar;1500;40;Refugio;0.359531075;20241105;3;Quercus_rotundifolia;20;;0;;
Camarate;Norte;Encinar;1500;40;Refugio;0.359531075;20241105;4;Quercus_rotundifolia;30;Quercus_rotundifolia;1;50;Arbol
Camarate;Norte;Encinar;1500;42;Refugio;0.629552111;20241105;1;Quercus_rotundifolia;80;Daphne_gnidium;1;50;Arbusto
Camarate;Norte;Encinar;1500;42;Refugio;0.629552111;20241105;1;Quercus_rotundifolia;80;Quercus_rotundifolia;6;30;Arbol
Camarate;Norte;Encinar;1500;42;Refugio;0.629552111;20241105;2;Quercus_rotundifolia;80;Quercus_rotundifolia;4;40;Arbol
Camarate;Norte;Encinar;1500;42;Refugio;0.629552111;20241105;3;Quercus_rotundifolia;40;Quercus_rotundifolia;4;80;Arbol
Camarate;Norte;Encinar;1500;42;Refugio;0.629552111;20241105;4;Quercus_rotundifolia;50;Quercus_rotundifolia;2;80;Arbol
Camarate;Norte;Encinar;1500;42;Refugio;0.629552111;20241105;4;Quercus_rotundifolia;50;Quercus_rotundifolia;2;20;Arbol
Camarate;Norte;Encinar;1500;43;Control;0.20510848;20241105;1;Quercus_rotundifolia;20;Quercus_rotundifolia;2;30;Arbol
Camarate;Norte;Encinar;1500;43;Control;0.20510848;20241105;2;Quercus_rotundifolia;10;Quercus_rotundifolia;1;50;Arbol
Camarate;Norte;Encinar;1500;43;Control;0.20510848;20241105;2;Quercus_rotundifolia;10;Quercus_rotundifolia;1;30;Arbol
Camarate;Norte;Encinar;1500;43;Control;0.20510848;20241105;3;;0;Quercus_rotundifolia;3;40;Arbol
Camarate;Norte;Encinar;1500;43;Control;0.20510848;20241105;4;Quercus_rotundifolia;20;Quercus_rotundifolia;2;40;Arbol
Camarate;Norte;Encinar;1500;45;Refugio;0.554234881;20241105;1;Quercus_rotundifolia;60;Daphne_gnidium;1;40;Arbusto
Camarate;Norte;Encinar;1500;45;Refugio;0.554234881;20241105;1;Quercus_rotundifolia;60;Quercus_rotundifolia;6;40;Arbol
Camarate;Norte;Encinar;1500;45;Refugio;0.554234881;20241105;2;Quercus_rotundifolia;70;Quercus_rotundifolia;7;60;Arbol
Camarate;Norte;Encinar;1500;45;Refugio;0.554234881;20241105;3;Quercus_rotundifolia;100;Quercus_rotundifolia;6;50;Arbol
Camarate;Norte;Encinar;1500;45;Refugio;0.554234881;20241105;4;Quercus_rotundifolia;80;Quercus_rotundifolia;8;50;Arbol
Camarate;Norte;Encinar;1500;44;Control;0.10444143;20241105;1;Quercus_rotundifolia;20;Quercus_rotundifolia;6;35;Arbol
Camarate;Norte;Encinar;1500;44;Control;0.10444143;20241105;2;Quercus_rotundifolia;10;Quercus_rotundifolia;5;80;Arbol
Camarate;Norte;Encinar;1500;44;Control;0.10444143;20241105;3;Quercus_rotundifolia;40;Quercus_rotundifolia;9;70;Arbol
Camarate;Norte;Encinar;1500;44;Control;0.10444143;20241105;4;Quercus_rotundifolia;40;Quercus_rotundifolia;7;80;Arbol
Hortichuela;Norte;Robledal;1300;65;Refugio;0.664800287;20250702;1;Quercus_pyrenaica;100;Quercus_pyrenaica;6;25;Arbol
Hortichuela;Norte;Robledal;1300;65;Refugio;0.664800287;20250702;1;Quercus_pyrenaica;100;Crataegus_monogyna;2;30;Arbusto
Hortichuela;Norte;Robledal;1300;65;Refugio;0.664800287;20250702;1;Quercus_pyrenaica;100;Prunus_avium;1;20;Arbol
Hortichuela;Norte;Robledal;1300;65;Refugio;0.664800287;20250702;2;Quercus_pyrenaica;100;Crataegus_monogyna;2;30;Arbusto
Hortichuela;Norte;Robledal;1300;65;Refugio;0.664800287;20250702;2;Quercus_pyrenaica;100;Rosa_villosa;2;25;Arbusto
Hortichuela;Norte;Robledal;1300;65;Refugio;0.664800287;20250702;2;Quercus_pyrenaica;100;Adenocarpus_decorticans;2;40;Arbusto
Hortichuela;Norte;Robledal;1300;65;Refugio;0.664800287;20250702;3;Crataegus_monogyna+Quercus_pyrenaica;50+25;Rosa_villosa;3;40;Arbusto
Hortichuela;Norte;Robledal;1300;65;Refugio;0.664800287;20250702;3;Crataegus_monogyna+Quercus_pyrenaica;50+25;Crataegus_monogyna;2;25;Arbusto
Hortichuela;Norte;Robledal;1300;65;Refugio;0.664800287;20250702;4;Quercus_pyrenaica+Crataegus_monogyna;20+75;Crataegus_monogyna;3;60;Arbusto
Hortichuela;Norte;Robledal;1300;65;Refugio;0.664800287;20250702;4;Quercus_pyrenaica+Crataegus_monogyna;20+75;Rosa_villosa;3;50;Arbusto
Hortichuela;Norte;Robledal;1300;29;Control;0.489934459;20250702;1;Crataegus_monogyna;30;Quercus_pyrenaica;2;25;Arbol
Hortichuela;Norte;Robledal;1300;29;Control;0.489934459;20250702;1;Crataegus_monogyna;30;Crataegus_monogyna;3;60;Arbusto
Hortichuela;Norte;Robledal;1300;29;Control;0.489934459;20250702;1;Crataegus_monogyna;30;Crataegus_monogyna;2;20;Arbusto
Hortichuela;Norte;Robledal;1300;29;Control;0.489934459;20250702;1;Crataegus_monogyna;30;Adenocarpus_decorticans;2;25;Arbusto
Hortichuela;Norte;Robledal;1300;29;Control;0.489934459;20250702;2;Crataegus_monogyna;15;Crataegus_monogyna;3;50;Arbusto
Hortichuela;Norte;Robledal;1300;29;Control;0.489934459;20250702;2;Crataegus_monogyna;15;Adenocarpus_decorticans;4;25;Arbusto
Hortichuela;Norte;Robledal;1300;29;Control;0.489934459;20250702;2;Crataegus_monogyna;15;Rosa_villosa;3;70;Arbusto
Hortichuela;Norte;Robledal;1300;29;Control;0.489934459;20250702;3;Quercus_pyrenaica+Crataegus_monogyna;30+40;Crataegus_monogyna;4;50;Arbusto
Hortichuela;Norte;Robledal;1300;29;Control;0.489934459;20250702;3;Quercus_pyrenaica+Crataegus_monogyna;30+40;Adenocarpus_decorticans;3;30;Arbusto
Hortichuela;Norte;Robledal;1300;29;Control;0.489934459;20250702;3;Quercus_pyrenaica+Crataegus_monogyna;30+40;Rosa_villosa;2;60;Arbusto
Hortichuela;Norte;Robledal;1300;29;Control;0.489934459;20250702;4;Quercus_pyrenaica;30;Adenocarpus_decorticans;1;55;Arbusto
Hortichuela;Norte;Robledal;1300;31;Control;0.051828675;20250702;1;Crataegus_monogyna;10;Crataegus_monogyna;1;30;Arbusto
Hortichuela;Norte;Robledal;1300;31;Control;0.051828675;20250702;2;Crataegus_monogyna;30;Crataegus_monogyna;3;35;Arbusto
Hortichuela;Norte;Robledal;1300;31;Control;0.051828675;20250702;3;Rosa_villosa;40;Crataegus_monogyna;2;40;Arbusto
Hortichuela;Norte;Robledal;1300;31;Control;0.051828675;20250702;3;Rosa_villosa;40;Rosa_villosa;3;60;Arbusto
Hortichuela;Norte;Robledal;1300;31;Control;0.051828675;20250702;4;;0;Crataegus_monogyna;1;25;Arbusto
Hortichuela;Norte;Robledal;1300;30;Refugio;0.790612937;20250702;1;Quercus_pyrenaica+Rosa_villosa;60+30;Crataegus_monogyna;4;35;Arbusto
Hortichuela;Norte;Robledal;1300;30;Refugio;0.790612937;20250702;1;Quercus_pyrenaica+Rosa_villosa;60+30;Prunus_avium;1;40;Arbol
Hortichuela;Norte;Robledal;1300;30;Refugio;0.790612937;20250702;2;Quercus_pyrenaica;100;Crataegus_monogyna;3;60;Arbusto
Hortichuela;Norte;Robledal;1300;30;Refugio;0.790612937;20250702;2;Quercus_pyrenaica;100;Crataegus_monogyna;3;30;Arbusto
Hortichuela;Norte;Robledal;1300;30;Refugio;0.790612937;20250702;3;Quercus_pyrenaica;35;Quercus_pyrenaica;6;35;Arbol
Hortichuela;Norte;Robledal;1300;30;Refugio;0.790612937;20250702;3;Quercus_pyrenaica;35;Crataegus_monogyna;4;40;Arbusto
Hortichuela;Norte;Robledal;1300;30;Refugio;0.790612937;20250702;3;Quercus_pyrenaica;35;Rosa_villosa;4;60;Arbusto
Hortichuela;Norte;Robledal;1300;30;Refugio;0.790612937;20250702;4;Quercus_pyrenaica;100;Quercus_pyrenaica;8;30;Arbol
Hortichuela;Norte;Robledal;1300;30;Refugio;0.790612937;20250702;4;Quercus_pyrenaica;100;Crataegus_monogyna;3;60;Arbusto
Hortichuela;Norte;Robledal;1300;33;Control;0.264723466;20250702;1;Crataegus_monogyna;30;Quercus_rotundifolia;1;20;Arbol
Hortichuela;Norte;Robledal;1300;33;Control;0.264723466;20250702;1;Crataegus_monogyna;30;Quercus_pyrenaica;1;20;Arbol
Hortichuela;Norte;Robledal;1300;33;Control;0.264723466;20250702;1;Crataegus_monogyna;30;Crataegus_monogyna;3;80;Arbusto
Hortichuela;Norte;Robledal;1300;33;Control;0.264723466;20250702;2;Crataegus_monogyna;20;Quercus_rotundifolia;1;60;Arbol
Hortichuela;Norte;Robledal;1300;33;Control;0.264723466;20250702;2;Crataegus_monogyna;20;Crataegus_monogyna;3;60;Arbusto
Hortichuela;Norte;Robledal;1300;33;Control;0.264723466;20250702;3;Rosa_villosa;30;Adenocarpus_decorticans;1;50;Arbusto
Hortichuela;Norte;Robledal;1300;33;Control;0.264723466;20250702;3;Rosa_villosa;30;Crataegus_monogyna;1;60;Arbusto
Hortichuela;Norte;Robledal;1300;33;Control;0.264723466;20250702;4;;0;Adenocarpus_decorticans;3;50;Arbusto
Hortichuela;Norte;Robledal;1300;33;Control;0.264723466;20250702;4;;0;Crataegus_monogyna;1;40;Arbusto
Hortichuela;Norte;Robledal;1300;32;Refugio;0.673286027;20250702;1;Quercus_pyrenaica;100;Quercus_pyrenaica;6;40;Arbol
Hortichuela;Norte;Robledal;1300;32;Refugio;0.673286027;20250702;1;Quercus_pyrenaica;100;Crataegus_monogyna;1;60;Arbusto
Hortichuela;Norte;Robledal;1300;32;Refugio;0.673286027;20250702;2;Quercus_pyrenaica;100;Quercus_pyrenaica;8;80;Arbol
Hortichuela;Norte;Robledal;1300;32;Refugio;0.673286027;20250702;2;Quercus_pyrenaica;100;Quercus_pyrenaica;2;20;Arbol
Hortichuela;Norte;Robledal;1300;32;Refugio;0.673286027;20250702;2;Quercus_pyrenaica;100;Crataegus_monogyna;2;60;Arbusto
Hortichuela;Norte;Robledal;1300;32;Refugio;0.673286027;20250702;2;Quercus_pyrenaica;100;Adenocarpus_decorticans;2;50;Arbusto
Hortichuela;Norte;Robledal;1300;32;Refugio;0.673286027;20250702;3;Quercus_pyrenaica;70;Adenocarpus_decorticans;1;30;Arbusto
Hortichuela;Norte;Robledal;1300;32;Refugio;0.673286027;20250702;4;Quercus_pyrenaica;70;Adenocarpus_decorticans;1;50;Arbusto
Hortichuela;Norte;Robledal;1300;32;Refugio;0.673286027;20250702;4;Quercus_pyrenaica;70;Rosa_villosa;1;30;Arbusto
